{"cameraMode":{"drawMode":0,"name":"Shaded","section":"Shading Mode"},"sceneLighting":false,"audioPlay":false,"sceneViewState":{"m_AlwaysRefresh":false,"showFog":true,"showSkybox":false,"showFlares":true,"showImageEffects":true,"showParticleSystems":true,"showVisualEffectGraphs":true,"m_FxEnabled":true},"in2DMode":false,"pivot":{"x":-0.4517834484577179,"y":-0.21406030654907227,"z":-0.03973841667175293},"rotation":{"x":-0.0005437582149170339,"y":-0.8763489723205566,"z":0.4819546639919281,"w":-0.0017084070714190603},"size":3.089813709259033,"orthographic":false}