{"cameraMode":{"drawMode":0,"name":"Shaded","section":"Shading Mode"},"sceneLighting":false,"audioPlay":false,"sceneViewState":{"m_AlwaysRefresh":false,"showFog":true,"showSkybox":false,"showFlares":true,"showImageEffects":true,"showParticleSystems":true,"showVisualEffectGraphs":true,"m_FxEnabled":true},"in2DMode":false,"pivot":{"x":-1.3093321323394776,"y":0.9144494533538818,"z":-1.6255052089691163},"rotation":{"x":-0.09300470352172852,"y":-0.40978074073791506,"z":0.04223211854696274,"w":-0.9065802693367004},"size":2.7064335346221926,"orthographic":false}