{"cameraMode":{"drawMode":0,"name":"Shaded","section":"Shading Mode"},"sceneLighting":false,"audioPlay":false,"sceneViewState":{"m_AlwaysRefresh":false,"showFog":true,"showSkybox":false,"showFlares":true,"showImageEffects":true,"showParticleSystems":true,"showVisualEffectGraphs":true,"m_FxEnabled":true},"in2DMode":false,"pivot":{"x":0.6457751989364624,"y":3.125364303588867,"z":-1.4833893775939942},"rotation":{"x":-0.1438269168138504,"y":0.002955941017717123,"z":-0.0002460682298988104,"w":-0.9897201657295227},"size":2.7064335346221926,"orthographic":false}