{"cameraMode":{"drawMode":0,"name":"Shaded","section":"Shading Mode"},"sceneLighting":false,"audioPlay":false,"sceneViewState":{"m_AlwaysRefresh":false,"showFog":true,"showSkybox":false,"showFlares":true,"showImageEffects":true,"showParticleSystems":true,"showVisualEffectGraphs":true,"m_FxEnabled":true},"in2DMode":false,"pivot":{"x":2.1776323318481447,"y":3.1384010314941408,"z":-4.936579704284668},"rotation":{"x":0.0059062461368739609,"y":0.9911225438117981,"z":-0.12435946613550186,"w":0.04879665747284889},"size":9.079439163208008,"orthographic":false}